{
"lengthUnit": "mil",
"components": {
	"fields": ["COMPONENT_NO", "COMPONENT_NAME", "LAYER", "X_COORDINATE", "Y_COORDINATE", "ANGLE"],
	"rows": [
		[1, "SW1", "T", 1500, 2250, 0],
		[2, "SW2", "T", 2250, 2250, 0],
		[3, "SW3", "T", 750, 2250, 0],
		[4, "SW4", "T", 0, 2250, 0],
		[5, "SW5", "T", -750, 2250, 0],
		[6, "SW6", "T", -1500, 2250, 0],
		[7, "SW7", "T", -2250, 2250, 0],
		[8, "SW8", "T", -3000, 2250, 0],
		[9, "SW9", "T", -3750, 2250, 0],
		[10, "SW10", "T", 1875, 1500, 0],
		[11, "SW11", "T", 1125, 1500, 0],
		[12, "SW12", "T", 375, 1500, 0],
		[13, "SW13", "T", -375, 1500, 0],
		[14, "SW14", "T", -1125, 1500, 0],
		[15, "SW15", "T", -1875, 1500, 0],
		[16, "SW16", "T", -2625, 1500, 0],
		[17, "SW17", "T", -3375, 1500, 0],
		[18, "SW18", "T", 2250, 750, 0],
		[19, "SW19", "T", 1500, 750, 0],
		[20, "SW20", "T", 750, 750, 0],
		[21, "SW21", "T", 0, 750, 0],
		[22, "SW22", "T", -750, 750, 0],
		[23, "SW23", "T", -1500, 750, 0],
		[24, "SW24", "T", -2250, 750, 0],
		[25, "SW25", "T", -3000, 750, 0],
		[26, "SW26", "T", -3750, 750, 0],
		[27, "U1", "T", 3375, 1500, 270]
	]
},
"pins": {
	"fields": ["PIN_NO", "PIN_NAME", "PIN_X", "PIN_Y", "LAYER", "PIN_TYPE", "NET_NAME", "NET_TYPE", "PAD_SHAPE", "PAD_SIZEX", "PAD_SIZEY", "HOLE_SIZE", "PAD_ANGLE"],
	"rows": [
		[1, "SW1_1", 1375, 2200, "T", "DIP", "GND", "GND", "C", 94.49, 94.49, 62.99, 0],
		[2, "SW1_1", 1375, 2200, "B", "DIP", "GND", "GND", "C", 94.49, 94.49, 62.99, 0],
		[3, "SW1_2", 1625, 2300, "T", "DIP", "NET1", "", "C", 94.49, 94.49, 62.99, 0],
		[4, "SW1_2", 1625, 2300, "B", "DIP", "NET1", "", "C", 94.49, 94.49, 62.99, 0],
		[5, "SW2_1", 2125, 2200, "T", "DIP", "GND", "GND", "C", 94.49, 94.49, 62.99, 0],
		[6, "SW2_1", 2125, 2200, "B", "DIP", "GND", "GND", "C", 94.49, 94.49, 62.99, 0],
		[7, "SW2_2", 2375, 2300, "T", "DIP", "NET2", "", "C", 94.49, 94.49, 62.99, 0],
		[8, "SW2_2", 2375, 2300, "B", "DIP", "NET2", "", "C", 94.49, 94.49, 62.99, 0],
		[9, "SW3_1", 625, 2200, "T", "DIP", "GND", "GND", "C", 94.49, 94.49, 62.99, 0],
		[10, "SW3_1", 625, 2200, "B", "DIP", "GND", "GND", "C", 94.49, 94.49, 62.99, 0],
		[11, "SW3_2", 875, 2300, "T", "DIP", "NET3", "", "C", 94.49, 94.49, 62.99, 0],
		[12, "SW3_2", 875, 2300, "B", "DIP", "NET3", "", "C", 94.49, 94.49, 62.99, 0],
		[13, "SW4_1", -125, 2200, "T", "DIP", "GND", "GND", "C", 94.49, 94.49, 62.99, 0],
		[14, "SW4_1", -125, 2200, "B", "DIP", "GND", "GND", "C", 94.49, 94.49, 62.99, 0],
		[15, "SW4_2", 125, 2300, "T", "DIP", "NET4", "", "C", 94.49, 94.49, 62.99, 0],
		[16, "SW4_2", 125, 2300, "B", "DIP", "NET4", "", "C", 94.49, 94.49, 62.99, 0],
		[17, "SW5_1", -875, 2200, "T", "DIP", "GND", "GND", "C", 94.49, 94.49, 62.99, 0],
		[18, "SW5_1", -875, 2200, "B", "DIP", "GND", "GND", "C", 94.49, 94.49, 62.99, 0],
		[19, "SW5_2", -625, 2300, "T", "DIP", "NET5", "", "C", 94.49, 94.49, 62.99, 0],
		[20, "SW5_2", -625, 2300, "B", "DIP", "NET5", "", "C", 94.49, 94.49, 62.99, 0],
		[21, "SW6_1", -1625, 2200, "T", "DIP", "GND", "GND", "C", 94.49, 94.49, 62.99, 0],
		[22, "SW6_1", -1625, 2200, "B", "DIP", "GND", "GND", "C", 94.49, 94.49, 62.99, 0],
		[23, "SW6_2", -1375, 2300, "T", "DIP", "NET6", "", "C", 94.49, 94.49, 62.99, 0],
		[24, "SW6_2", -1375, 2300, "B", "DIP", "NET6", "", "C", 94.49, 94.49, 62.99, 0],
		[25, "SW7_1", -2375, 2200, "T", "DIP", "GND", "GND", "C", 94.49, 94.49, 62.99, 0],
		[26, "SW7_1", -2375, 2200, "B", "DIP", "GND", "GND", "C", 94.49, 94.49, 62.99, 0],
		[27, "SW7_2", -2125, 2300, "T", "DIP", "NET7", "", "C", 94.49, 94.49, 62.99, 0],
		[28, "SW7_2", -2125, 2300, "B", "DIP", "NET7", "", "C", 94.49, 94.49, 62.99, 0],
		[29, "SW8_1", -3125, 2200, "T", "DIP", "GND", "GND", "C", 94.49, 94.49, 62.99, 0],
		[30, "SW8_1", -3125, 2200, "B", "DIP", "GND", "GND", "C", 94.49, 94.49, 62.99, 0],
		[31, "SW8_2", -2875, 2300, "T", "DIP", "NET8", "", "C", 94.49, 94.49, 62.99, 0],
		[32, "SW8_2", -2875, 2300, "B", "DIP", "NET8", "", "C", 94.49, 94.49, 62.99, 0],
		[33, "SW9_1", -3875, 2200, "T", "DIP", "GND", "GND", "C", 94.49, 94.49, 62.99, 0],
		[34, "SW9_1", -3875, 2200, "B", "DIP", "GND", "GND", "C", 94.49, 94.49, 62.99, 0],
		[35, "SW9_2", -3625, 2300, "T", "DIP", "NET9", "", "C", 94.49, 94.49, 62.99, 0],
		[36, "SW9_2", -3625, 2300, "B", "DIP", "NET9", "", "C", 94.49, 94.49, 62.99, 0],
		[37, "SW10_1", 1750, 1450, "T", "DIP", "GND", "GND", "C", 94.49, 94.49, 62.99, 0],
		[38, "SW10_1", 1750, 1450, "B", "DIP", "GND", "GND", "C", 94.49, 94.49, 62.99, 0],
		[39, "SW10_2", 2000, 1550, "T", "DIP", "NET10", "", "C", 94.49, 94.49, 62.99, 0],
		[40, "SW10_2", 2000, 1550, "B", "DIP", "NET10", "", "C", 94.49, 94.49, 62.99, 0],
		[41, "SW11_1", 1000, 1450, "T", "DIP", "GND", "GND", "C", 94.49, 94.49, 62.99, 0],
		[42, "SW11_1", 1000, 1450, "B", "DIP", "GND", "GND", "C", 94.49, 94.49, 62.99, 0],
		[43, "SW11_2", 1250, 1550, "T", "DIP", "NET11", "", "C", 94.49, 94.49, 62.99, 0],
		[44, "SW11_2", 1250, 1550, "B", "DIP", "NET11", "", "C", 94.49, 94.49, 62.99, 0],
		[45, "SW12_1", 250, 1450, "T", "DIP", "GND", "GND", "C", 94.49, 94.49, 62.99, 0],
		[46, "SW12_1", 250, 1450, "B", "DIP", "GND", "GND", "C", 94.49, 94.49, 62.99, 0],
		[47, "SW12_2", 500, 1550, "T", "DIP", "NET12", "", "C", 94.49, 94.49, 62.99, 0],
		[48, "SW12_2", 500, 1550, "B", "DIP", "NET12", "", "C", 94.49, 94.49, 62.99, 0],
		[49, "SW13_1", -500, 1450, "T", "DIP", "GND", "GND", "C", 94.49, 94.49, 62.99, 0],
		[50, "SW13_1", -500, 1450, "B", "DIP", "GND", "GND", "C", 94.49, 94.49, 62.99, 0],
		[51, "SW13_2", -250, 1550, "T", "DIP", "NET13", "", "C", 94.49, 94.49, 62.99, 0],
		[52, "SW13_2", -250, 1550, "B", "DIP", "NET13", "", "C", 94.49, 94.49, 62.99, 0],
		[53, "SW14_1", -1250, 1450, "T", "DIP", "GND", "GND", "C", 94.49, 94.49, 62.99, 0],
		[54, "SW14_1", -1250, 1450, "B", "DIP", "GND", "GND", "C", 94.49, 94.49, 62.99, 0],
		[55, "SW14_2", -1000, 1550, "T", "DIP", "NET14", "", "C", 94.49, 94.49, 62.99, 0],
		[56, "SW14_2", -1000, 1550, "B", "DIP", "NET14", "", "C", 94.49, 94.49, 62.99, 0],
		[57, "SW15_1", -2000, 1450, "T", "DIP", "GND", "GND", "C", 94.49, 94.49, 62.99, 0],
		[58, "SW15_1", -2000, 1450, "B", "DIP", "GND", "GND", "C", 94.49, 94.49, 62.99, 0],
		[59, "SW15_2", -1750, 1550, "T", "DIP", "NET15", "", "C", 94.49, 94.49, 62.99, 0],
		[60, "SW15_2", -1750, 1550, "B", "DIP", "NET15", "", "C", 94.49, 94.49, 62.99, 0],
		[61, "SW16_1", -2750, 1450, "T", "DIP", "GND", "GND", "C", 94.49, 94.49, 62.99, 0],
		[62, "SW16_1", -2750, 1450, "B", "DIP", "GND", "GND", "C", 94.49, 94.49, 62.99, 0],
		[63, "SW16_2", -2500, 1550, "T", "DIP", "NET16", "", "C", 94.49, 94.49, 62.99, 0],
		[64, "SW16_2", -2500, 1550, "B", "DIP", "NET16", "", "C", 94.49, 94.49, 62.99, 0],
		[65, "SW17_1", -3500, 1450, "T", "DIP", "GND", "GND", "C", 94.49, 94.49, 62.99, 0],
		[66, "SW17_1", -3500, 1450, "B", "DIP", "GND", "GND", "C", 94.49, 94.49, 62.99, 0],
		[67, "SW17_2", -3250, 1550, "T", "DIP", "NET17", "", "C", 94.49, 94.49, 62.99, 0],
		[68, "SW17_2", -3250, 1550, "B", "DIP", "NET17", "", "C", 94.49, 94.49, 62.99, 0],
		[69, "SW18_1", 2125, 700, "T", "DIP", "GND", "GND", "C", 94.49, 94.49, 62.99, 0],
		[70, "SW18_1", 2125, 700, "B", "DIP", "GND", "GND", "C", 94.49, 94.49, 62.99, 0],
		[71, "SW18_2", 2375, 800, "T", "DIP", "NET18", "", "C", 94.49, 94.49, 62.99, 0],
		[72, "SW18_2", 2375, 800, "B", "DIP", "NET18", "", "C", 94.49, 94.49, 62.99, 0],
		[73, "SW19_1", 1375, 700, "T", "DIP", "GND", "GND", "C", 94.49, 94.49, 62.99, 0],
		[74, "SW19_1", 1375, 700, "B", "DIP", "GND", "GND", "C", 94.49, 94.49, 62.99, 0],
		[75, "SW19_2", 1625, 800, "T", "DIP", "NET19", "", "C", 94.49, 94.49, 62.99, 0],
		[76, "SW19_2", 1625, 800, "B", "DIP", "NET19", "", "C", 94.49, 94.49, 62.99, 0],
		[77, "SW20_1", 625, 700, "T", "DIP", "GND", "GND", "C", 94.49, 94.49, 62.99, 0],
		[78, "SW20_1", 625, 700, "B", "DIP", "GND", "GND", "C", 94.49, 94.49, 62.99, 0],
		[79, "SW20_2", 875, 800, "T", "DIP", "NET20", "", "C", 94.49, 94.49, 62.99, 0],
		[80, "SW20_2", 875, 800, "B", "DIP", "NET20", "", "C", 94.49, 94.49, 62.99, 0],
		[81, "SW21_1", -125, 700, "T", "DIP", "GND", "GND", "C", 94.49, 94.49, 62.99, 0],
		[82, "SW21_1", -125, 700, "B", "DIP", "GND", "GND", "C", 94.49, 94.49, 62.99, 0],
		[83, "SW21_2", 125, 800, "T", "DIP", "NET21", "", "C", 94.49, 94.49, 62.99, 0],
		[84, "SW21_2", 125, 800, "B", "DIP", "NET21", "", "C", 94.49, 94.49, 62.99, 0],
		[85, "SW22_1", -875, 700, "T", "DIP", "GND", "GND", "C", 94.49, 94.49, 62.99, 0],
		[86, "SW22_1", -875, 700, "B", "DIP", "GND", "GND", "C", 94.49, 94.49, 62.99, 0],
		[87, "SW22_2", -625, 800, "T", "DIP", "NET22", "", "C", 94.49, 94.49, 62.99, 0],
		[88, "SW22_2", -625, 800, "B", "DIP", "NET22", "", "C", 94.49, 94.49, 62.99, 0],
		[89, "SW23_1", -1625, 700, "T", "DIP", "GND", "GND", "C", 94.49, 94.49, 62.99, 0],
		[90, "SW23_1", -1625, 700, "B", "DIP", "GND", "GND", "C", 94.49, 94.49, 62.99, 0],
		[91, "SW23_2", -1375, 800, "T", "DIP", "NET23", "", "C", 94.49, 94.49, 62.99, 0],
		[92, "SW23_2", -1375, 800, "B", "DIP", "NET23", "", "C", 94.49, 94.49, 62.99, 0],
		[93, "SW24_1", -2375, 700, "T", "DIP", "GND", "GND", "C", 94.49, 94.49, 62.99, 0],
		[94, "SW24_1", -2375, 700, "B", "DIP", "GND", "GND", "C", 94.49, 94.49, 62.99, 0],
		[95, "SW24_2", -2125, 800, "T", "DIP", "NET24", "", "C", 94.49, 94.49, 62.99, 0],
		[96, "SW24_2", -2125, 800, "B", "DIP", "NET24", "", "C", 94.49, 94.49, 62.99, 0],
		[97, "SW25_1", -3125, 700, "T", "DIP", "GND", "GND", "C", 94.49, 94.49, 62.99, 0],
		[98, "SW25_1", -3125, 700, "B", "DIP", "GND", "GND", "C", 94.49, 94.49, 62.99, 0],
		[99, "SW25_2", -2875, 800, "T", "DIP", "NET25", "", "C", 94.49, 94.49, 62.99, 0],
		[100, "SW25_2", -2875, 800, "B", "DIP", "NET25", "", "C", 94.49, 94.49, 62.99, 0],
		[101, "SW26_1", -3875, 700, "T", "DIP", "GND", "GND", "C", 94.49, 94.49, 62.99, 0],
		[102, "SW26_1", -3875, 700, "B", "DIP", "GND", "GND", "C", 94.49, 94.49, 62.99, 0],
		[103, "SW26_2", -3625, 800, "T", "DIP", "NET26", "", "C", 94.49, 94.49, 62.99, 0],
		[104, "SW26_2", -3625, 800, "B", "DIP", "NET26", "", "C", 94.49, 94.49, 62.99, 0],
		[105, "U1_1", 2977.86, 2462.41, "T", "SMD", "NET1", "", "R", 62.99, 125.98, 0, 270],
		[106, "U1_2", 2977.86, 2362.41, "T", "SMD", "NET2", "", "R", 62.99, 125.98, 0, 270],
		[107, "U1_3", 2977.86, 2262.41, "T", "SMD", "U1_3", "", "R", 62.99, 125.98, 0, 270],
		[108, "U1_4", 2977.86, 2162.41, "T", "SMD", "NET3", "", "R", 62.99, 125.98, 0, 270],
		[109, "U1_5", 2977.86, 2062.41, "T", "SMD", "NET4", "", "R", 62.99, 125.98, 0, 270],
		[110, "U1_6", 2977.86, 1962.41, "T", "SMD", "NET5", "", "R", 62.99, 125.98, 0, 270],
		[111, "U1_7", 2977.86, 1862.41, "T", "SMD", "NET6", "", "R", 62.99, 125.98, 0, 270],
		[112, "U1_8", 2977.86, 1762.41, "T", "SMD", "U1_8", "", "R", 62.99, 125.98, 0, 270],
		[113, "U1_9", 2977.86, 1662.41, "T", "SMD", "NET7", "", "R", 62.99, 125.98, 0, 270],
		[114, "U1_10", 2977.86, 1562.41, "T", "SMD", "NET8", "", "R", 62.99, 125.98, 0, 270],
		[115, "U1_11", 2977.86, 1462.41, "T", "SMD", "NET9", "", "R", 62.99, 125.98, 0, 270],
		[116, "U1_12", 2977.86, 1362.41, "T", "SMD", "NET10", "", "R", 62.99, 125.98, 0, 270],
		[117, "U1_13", 2977.86, 1262.41, "T", "SMD", "U1_13", "", "R", 62.99, 125.98, 0, 270],
		[118, "U1_14", 2977.86, 1162.41, "T", "SMD", "NET11", "", "R", 62.99, 125.98, 0, 270],
		[119, "U1_15", 2977.86, 1062.41, "T", "SMD", "NET12", "", "R", 62.99, 125.98, 0, 270],
		[120, "U1_16", 2977.86, 962.41, "T", "SMD", "NET13", "", "R", 62.99, 125.98, 0, 270],
		[121, "U1_17", 2977.86, 862.41, "T", "SMD", "NET14", "", "R", 62.99, 125.98, 0, 270],
		[122, "U1_18", 2977.86, 762.41, "T", "SMD", "U1_18", "", "R", 62.99, 125.98, 0, 270],
		[123, "U1_19", 2977.86, 662.41, "T", "SMD", "NET15", "", "R", 62.99, 125.98, 0, 270],
		[124, "U1_20", 2977.86, 562.41, "T", "SMD", "NET16", "", "R", 62.99, 125.98, 0, 270],
		[125, "U1_21", 3772.14, 562.41, "T", "SMD", "NET17", "", "R", 62.99, 125.98, 0, 270],
		[126, "U1_22", 3772.14, 662.41, "T", "SMD", "NET18", "", "R", 62.99, 125.98, 0, 270],
		[127, "U1_23", 3772.14, 762.41, "T", "SMD", "U1_23", "", "R", 62.99, 125.98, 0, 270],
		[128, "U1_24", 3772.14, 862.41, "T", "SMD", "NET19", "", "R", 62.99, 125.98, 0, 270],
		[129, "U1_25", 3772.14, 962.41, "T", "SMD", "NET20", "", "R", 62.99, 125.98, 0, 270],
		[130, "U1_26", 3772.14, 1062.41, "T", "SMD", "NET21", "", "R", 62.99, 125.98, 0, 270],
		[131, "U1_27", 3772.14, 1162.41, "T", "SMD", "NET22", "", "R", 62.99, 125.98, 0, 270],
		[132, "U1_28", 3772.14, 1262.41, "T", "SMD", "GND", "GND", "R", 62.99, 125.98, 0, 270],
		[133, "U1_29", 3772.14, 1362.41, "T", "SMD", "NET23", "", "R", 62.99, 125.98, 0, 270],
		[134, "U1_30", 3772.14, 1462.41, "T", "SMD", "U1_30", "", "R", 62.99, 125.98, 0, 270],
		[135, "U1_31", 3772.14, 1562.41, "T", "SMD", "NET24", "", "R", 62.99, 125.98, 0, 270],
		[136, "U1_32", 3772.14, 1662.41, "T", "SMD", "NET25", "", "R", 62.99, 125.98, 0, 270],
		[137, "U1_33", 3772.14, 1762.41, "T", "SMD", "U1_33", "", "R", 62.99, 125.98, 0, 270],
		[138, "U1_34", 3772.14, 1862.41, "T", "SMD", "NET26", "", "R", 62.99, 125.98, 0, 270],
		[139, "U1_35", 3772.14, 1962.41, "T", "SMD", "U1_35", "", "R", 62.99, 125.98, 0, 270],
		[140, "U1_36", 3772.14, 2062.41, "T", "SMD", "+5V", "", "R", 62.99, 125.98, 0, 270],
		[141, "U1_37", 3772.14, 2162.41, "T", "SMD", "U1_37", "", "R", 62.99, 125.98, 0, 270],
		[142, "U1_38", 3772.14, 2262.41, "T", "SMD", "U1_38", "", "R", 62.99, 125.98, 0, 270],
		[143, "U1_39", 3772.14, 2362.41, "T", "SMD", "U1_39", "", "R", 62.99, 125.98, 0, 270],
		[144, "U1_40", 3772.14, 2462.41, "T", "SMD", "U1_40", "", "R", 62.99, 125.98, 0, 270],
		[145, "U1_41", 3275, 530.91, "T", "SMD", "U1_41", "", "R", 62.99, 125.98, 0, 0],
		[146, "U1_42", 3375, 530.91, "T", "SMD", "U1_42", "", "R", 62.99, 125.98, 0, 0],
		[147, "U1_43", 3475, 530.91, "T", "SMD", "U1_43", "", "R", 62.99, 125.98, 0, 0],
		[148, "U1_TP1", 3375, 2339.17, "T", "SMD", "U1_TP1", "", "R", 59.05, 59.05, 0, 270],
		[149, "U1_TP2", 3414.37, 2469.09, "T", "SMD", "U1_TP2", "", "R", 59.05, 59.05, 0, 270],
		[150, "U1_TP3", 3335.63, 2469.09, "T", "SMD", "U1_TP3", "", "R", 59.05, 59.05, 0, 270],
		[151, "U1_TP4", 3276.57, 2201.38, "T", "SMD", "U1_TP4", "", "R", 59.05, 59.05, 0, 270],
		[152, "U1_TP5", 3276.57, 2097.95, "T", "SMD", "U1_TP5", "", "R", 59.05, 59.05, 0, 270],
		[153, "U1_TP6", 3276.57, 2004.53, "T", "SMD", "U1_TP6", "", "R", 59.05, 59.05, 0, 270]
	]
}
}